"Tag","Name","# lines","Ver.","Date of entry"
"003501","HD","20","2*","Dec. 2011"
"004501","H2D+","196","3*","Mar. 2017"
"005501","HD2+","163","3*","Jan. 2018"
"005502","HeH+","18","1*","April 2008"
"012501","C","2","1*","Sep. 2005"
"012502","BH","15","1*","July 2008"
"012503","C+","1","1*","Aug. 2010"
"013501","13C","7","1*","Sep. 2005"
"013502","CH","513","3*","June 2015"
"013503","CH+","19","2*","Apr. 2010"
"013504","CH+, v = 1 - 0 band","35","1*","May 2010"
"013505","CH+, v = 2 - 0 band","27","1*","May 2010"
"013506","13C+","3","1*","Aug. 2010"
"014501","CH2","1400","1*","Sep. 2005"
"014502","13CH+","18","1*","Apr. 2010"
"014503","CD+","22","1*","Apr. 2010"
"014504","13CH+, v = 1 - 0 band","31","1*","May 2010"
"014505","CD+, v = 1 - 0 band","33","1*","May 2010"
"014506","N+","9","1*","Aug. 2010"
"015501","NH","1948","1","May 2004"
"015502","13CD+","21","1*","Apr. 2010"
"015503","14CH+","13","1*","Apr. 2010"
"015504","CT+","17","1*","Apr. 2010"
"016501","NH2","18513","2","Oct. 2001"
"016502","ND","2020","1","Feb. 2004"
"016503","CH2D+","379","4*","Sep. 2016"
"016504","O","2","1*","Aug. 2010"
"016505","15NH","334","1*","Aug. 2018"
"017501","OH+","430","2*","Jan. 2016"
"017502","OH-","19","2*","Sep. 2014"
"017503","CH3D","211","3*","Aug. 2018"
"017504","15NH2","2437","1*","May 2016"
"017505","CHD2+","593","1*","Feb. 2018"
"017506","NH3, v = 0","346","1*","Dec. 2020"
"017507","OH, v = 0","1028","1*","Feb. 2023"
"017508","OH, v = 1","831","1*","Feb. 2023"
"017509","OH, v = 2","722","1*","Feb. 2023"
"018501","NH2D","3343","1","May 2004"
"018502","OD-","22","1*","Dec. 2006"
"018503","15NH3","607","2*","Nov 2011"
"018504","13CH3D","84","1*","June 2009"
"018505","H2O+","2892","2*","Feb. 2017"
"018506","OD+","99","1*","May. 2012"
"018507","18O","2","1*","May 2020"
"019501","NHD2","5000","3*","May 2011"
"019502","18OH-","16","1*","Dec. 2006"
"019503","H3O+","273","1*","Oct. 2007"
"019504","15NH2D","2916","1*","Sep. 2008"
"019505","18OH+","75","1*","May. 2012"
"019506","NH3D+","55","1*","Sep. 2013"
"020501","ND3","698","1","June 2002"
"020502","D2O","3289","2*","May 2011"
"020503","H2DO+","130","2*","June 2010"
"020504","15NHD2","2890","1*","Sep. 2008"
"021501","NeH+","23","1*","Dec. 2007"
"021502","H2F+","170","1*","Nov. 2012"
"022501","NeD+","28","1*","Dec. 2007"
"023501","22NeH+","21","1*","Dec. 2007"
"024501","NaH","172","1","Jan. 2001"
"024502","LiOH","43","1*","Sep. 2009"
"025501","CCH, v = 0","363","3*","July 2010"
"025502","MgH","96","1","May  2001"
"025503","CCH, v2 = 1","688","2*","July 2010"
"025504","C2H-","37","2*","Jan. 2009"
"025505","CCH, v2 = 2","749","1*","July 2010"
"025506","CCH, v3 = 1","243","1*","July 2010"
"025507","CCH, ν2 FIR band","298","1*","July 2010"
"025508","CCH, ν3 IR band","201","1*","July 2010"
"025509","CCH, ν2 + ν3 IR band","214","1*","July 2010"
"025510","CCH, 5ν2 IR band","146","1*","July 2010"
"026501","CCD","238","2*","Oct. 2021"
"026502","13CCH","256","1","May 2000"
"026503","C13CH","247","2*","Jan. 2010"
"026504","CN, v = 0, 1","646","1*","May. 2005"
"026505","C2H2, ν5 - ν4","273","1*","May 2007"
"026506","CN-","28","2*","Jan. 2009"
"026507","10BO","822","1*","Aug. 2009"
"026508","CN+, v = 0","32","1*","Oct. 2023"
"026509","CN+, v = 1 - 0","61","1*","Oct. 2023"
"027501","HCN, v = 0","90","4*","May 2007"
"027502","HNC, v = 0","47","2*","Feb. 2005"
"027503","HCN, v2 = 1","204","2*","Feb. 2007"
"027504","HNC, v2 = 1","127","1*","Feb. 2005"
"027505","13CN","1471","1*","May. 2005"
"027506","C15N","294","1*","May. 2005"
"027507","HCN, v2 = 2","137","1*","Feb. 2007"
"027508","HCN, v2 = 3","210","1*","Feb. 2007"
"027509","HCN, v3 = 1","48","1*","Feb. 2007"
"027510","HCN, v1 = 1","48","1*","Feb. 2007"
"027511","HCCD","40","1*","Jan. 2008"
"027512","H10BO","42","1*","July 2009"
"027513","BO","468","1*","Aug. 2009"
"027514","C2H3+","219","1*","Oct. 2009"
"027515","Al","6","1*","Aug. 2010"
"028501","H13CN, v = 0","89","3*","Nov 2014"
"028502","H2CN","6519","1","July 2000"
"028503","CO, v = 0","95","1","Oct. 2000"
"028504","HCNH+","50","2*","Dec. 2007"
"028505","13C15N","818","1*","May. 2005"
"028506","HC15N, v = 0","79","2*","Dec. 2017"
"028507","HC15N, v2 = 1","214","2*","Dec. 2017"
"028508","DNC","39","2*","Sep. 2009"
"028509","DCN, v = 0","64","1*","Apr. 2006"
"028510","DCN, v2 = 1","164","1*","Apr. 2006"
"028511","H13CN, v2 = 1","248","2*","Nov 2014"
"028512","CO, v = 1 - 3","87","1*","May 2009"
"028513","CO+, v = 0","97","2*","Aug. 2013"
"028514","HBO","43","1*","July 2009"
"028515","HN13C","25","1*","Sep. 2009"
"028516","AlH","25","1*","Dec. 2009"
"028517","Si","2","1*","Aug. 2010"
"028518","Si+","1","1*","Aug. 2010"
"028519","CO+, v = 1","44","1*","Aug. 2013"
"028520","H13CN, v2 = 2","531","1*","Nov 2014"
"028521","H13CN, v2 = 3","848","1*","Nov 2014"
"028522","H13CN, v3 = 1","80","1*","Nov 2014"
"028523","H13CN, v1 = 1","74","1*","Nov 2014"
"028524","HC15N, v2 = 2","451","1*","Dec. 2017"
"028525","HC15N, v2 = 3","703","1*","Dec. 2017"
"028526","HC15N, v3 = 1","69","1*","Dec. 2017"
"028527","HC15N, v1 = 1","62","1*","Dec. 2017"
"028528","H2NC","300","1*","Sep. 2021"
"029501","13CO","67","2*","Nov. 2006"
"029502","HCND+","50","1","May  2001"
"029503","C17O","457","1","Jan. 2003"
"029504","HOC+, v2 = 0","40","1","Mar. 2004"
"029505","HOC+, v2 = 1","96","1","Mar. 2004"
"029506","N2H+, v = 0","47","4*","Apr. 2014"
"029507","HCO+, v = 0","46","2*","Oct. 2007"
"029508","HCO+, v2 = 1","76","2*","Oct. 2007"
"029509","N2H+, v2 = 1","112","1*","Feb. 2006"
"029510","D13CN","64","1*","Apr. 2006"
"029511","DC15N","60","1*","May 2006"
"029512","H13C15N, v = 0","70","1*","Dec. 2006"
"029513","H13C15N, v2 = 1","186","1*","Dec. 2006"
"029514","H13CNH+","45","1*","Dec 2007"
"029515","HCO+, ν2 IR band","136","1*","Sep. 2010"
"029516","N2H+, ν2 IR band","117","1*","Nov. 2010"
"029517","SiH","125","1*","Dec. 2010"
"029518","H2CNH","2926","2*","May 2014"
"029519","13CO+","276","1*","Aug. 2013"
"029520","C2H3D","2056","1*","Jan. 2017"
"029521","SiH+, v = 0","20","1*","Oct. 2017"
"029522","SiH+, v = 1 - 0","41","1*","Oct. 2017"
"030501","H2CO","7016","3*","Feb. 2017"
"030502","C18O","60","1","June 2001"
"030503","13C17O","442","1","Jan. 2003"
"030504","H13CO+","46","2*","Oct. 2007"
"030505","HC17O+","46","1","Feb. 2004"
"030506","DOC+","48","1","Mar. 2004"
"030507","15NNH+","39","2*","Mar. 2009"
"030508","N15NH+","38","2*","Mar. 2009"
"030509","N2D+","52","3*","Mar. 2009"
"030510","DCO+","50","3*","Sep. 2009"
"030511","D13C15N","60","1*","May 2006"
"030512","NO+, v = 0, 1","66","3*","Jul. 2023"
"030513","C18O+","89","1*","Aug. 2013"
"030514","H213CNH","1629","1*","May 2014"
"030515","H2CND","1979","1*","May 2014"
"030516","H2C15NH","1629","1*","May 2014"
"030517","NO, v = 0","2955","1*","Jan. 2015"
"030518","NO, v = 1","1626","1*","Jan. 2015"
"030519","H2CNH2+","201","1*","Dec. 2019"
"030520","NO+, v = 1 - 0, 2 – 1","123","1*","Jul. 2023"
"030521","NO+, v = 2 - 0","77","1*","Jul. 2023"
"031501","HDCO","5701","2*","Jan. 2016"
"031502","13C18O","195","1","July 2000"
"031503","H213CO","2309","1","May 2000"
"031504","H2COH+","1612","2*","Oct. 2006"
"031505","CF","1323","1","May 2000"
"031506","HC18O+","46","1","Dec. 2004"
"031507","CF+, v = 0, 1","68","2*","Feb. 2010"
"031508","D13CO+","48","2*","Oct. 2007"
"031509","15NND+","40","1*","Mar. 2009"
"031510","N15ND+","40","1*","Mar. 2009"
"031511","13C18O+","217","1*","Aug. 2013"
"031512","15NO","1626","1*","Jan. 2015"
"031513","N17O","15277","1*","Jan. 2015"
"031514","H2C17O","1544","1*","Feb. 2017"
"031515","CH2OH","6241","2*","Dec. 2020"
"031516","15N2H+","22","1*","Aug. 2017"
"032501","PH","988","2","Aug. 2001"
"032502","D2CO","5194","3*","Jan. 2016"
"032503","H2C18O","2027","2*","Feb. 2017"
"032504","CH3OH, vt = 0 - 2","38643","3*","May 2016"
"032505","DC18O+","47","1*","Oct. 2005"
"032506","H213COH+","1500","1*","Oct. 2006"
"032507","HD13CO","2309","2*","Jan. 2016"
"032508","O2, v = 0","180","2*","Jan. 2020"
"032509","13CF+, v = 0, 1","63","1*","Feb. 2010"
"032510","O2, a 1Δ","67","2*","Feb. 2020"
"032511","S","2","1*","Aug. 2010"
"032512","LiCCH","68","1*","Oct. 2011"
"032513","N18O","3027","1*","Jan. 2015"
"032514","15N17O","10595","1*","Jan. 2015"
"032515","15N2D+","27","1*","Aug. 2017"
"033501","PH2","6814","1","Nov. 2001"
"033502","13CH3OH, vt = 0, 1","3579","2*","Apr. 2020"
"033503","NH2OH","2963","1","Mar. 2003"
"033504","SH-","16","1*","Jan. 2007"
"033505","SH+","334","4*","Oct. 2017"
"033506","D213CO","4125","2*","Jan. 2016"
"033507","15N18O","1429","1*","Jan. 2015"
"033508","SH, v = 0","862","1*","Mar. 2015"
"033509","SH, v = 1","545","1*","Mar. 2015"
"033510","HDC18O","1747","1*","Jan. 2016"
"034501","PH3","2095","2*","May 2013"
"034502","H2S","1501","1*","Oct. 2008"
"034503","O18O","330","2*","Feb. 2020"
"034504","CH318OH, vt ≤ 2","38644","1*","Sep. 2012"
"034505","D2C18O","1438","1*","Jan. 2016"
"034506","CHD2OH, vt = 0","10982","1*","Mar. 2022"
"035501","NaC","225","1*","Feb. 2006"
"035502","HDS","2364","1*","Oct. 2008"
"035503","H233S","4759","1*","Nov. 2008"
"035504","34SH+","9","1*","Oct. 2017"
"035505","CD3OH, vt = 0","14864","1*","Mar. 2022"
"035506","CD3OH, vt = 1","9710","1*","Mar. 2022"
"036501","NaCH","154","1","Jan. 2001"
"036502","C3, ν2","66","1*","Mar. 2006"
"036503","D2S","1107","1*","Oct. 2008"
"036504","H234S","990","1*","Nov. 2008"
"036505","18O2","173","2*","Feb. 2020"
"036506","CD3OD, vt = 0","17190","1*","Nov. 2023"
"036507","CD3OD, vt = 1","15144","1*","Nov. 2023"
"037501","C3H, v = 0, v4 = 1, 2Σμ","5344","2*","Mar. 2009"
"037502","36ArH+","27","1*","Sep. 2007"
"037503","HD34S","1754","1*","Nov. 2008"
"037504","H2Cl+","600","1*","Mar. 2015"
"037505","C3H+","59","3*","Mar. 2015"
"038501","l-C3H2","981","2","June 2002"
"038502","C2N","574","2*","Nov. 2014"
"038503","C3D, v = 0, v4 = 1, 2Σμ","1770","2*","Mar. 2009"
"038504","13CCCH, v = 0, v4 = 1, 2Σμ","1498","1","Aug. 2004"
"038505","C13CCH, v = 0, v4 = 1, 2Σμ","1445","1","Aug. 2004"
"038506","CC13CH, v = 0, v4 = 1, 2Σμ","1475","1","Aug. 2004"
"038507","D234S","789","1*","Dec. 2008"
"038508","c-C3H2","4296","2*","May 2012"
"039501","HCCN","295","2*","Jan. 2012"
"039502","l-13CCCH2","1534","1","June 2002"
"039503","l-C13CCH2","1488","1","June 2002"
"039504","l-CC13CH2","1516","1","June 2002"
"039505","H2C3H","692","1","Jan. 2004"
"039506","l-C3HD","913","2*","Nov. 2015"
"039507","H237Cl+","600","1*","Mar. 2015"
"039508","c-C3HD","5195","1*","June 2012"
"039509","c-13CC2H2","3385","1*","June 2012"
"039510","c-CC13CH2","4041","1*","June 2012"
"039511","38ArH+","27","1*","Dec. 2013"
"039512","H2C3H+","318","1*","Aug. 2023"
"040501","SiC","294","1","Feb. 2000"
"040502","CH3CCH, v = 0","1958","3*","Aug. 2008"
"040503","KH","238","1","Jan. 2001"
"040504","CH3CCH, v10 = 1","2962","1","Jan. 2003"
"040505","H2CCN","2828","2*","Mar. 2005"
"040506","c-C3H4","5718","1","June 2004"
"040507","CH3CCH, ν10","5634","1","May 2005"
"040508","CH3CCH, ν9","5974","1","May 2005"
"040509","NaOH","72","1*","Aug. 2009"
"040510","H13CCN","234","1*","Jan. 2012"
"040511","HC13CN","231","1*","Jan. 2012"
"040512","DCCN","202","1*","Jan. 2012"
"040513","HCC15N","198","1*","Jan. 2012"
"040514","c-C3D2","1869","1*","July 2012"
"040515","l-C3D2","1450","1*","May 2014"
"040516","c-13CC2HD","145","1*","Dec. 2015"
"040517","c-C13CCHD","151","1*","Dec. 2015"
"040518","c-CC13CHD","144","1*","Dec. 2015"
"040519","MgO, v = 0 - 2","63","1*","Feb. 2022"
"040520","c-C3H2D+","553","1*","Sep 2023"
"041501","CH3CCD","1243","2*","Apr. 2020"
"041502","CH2DCCH","1892","1","Apr. 2002"
"041503","H2CCNH","12816","2*","Jan. 2022"
"041504","40ArH+","30","1*","Sep. 2007"
"041505","CH3CN, v = 0","2423","2*","Nov. 2016"
"041506","HCCO","180","2*","June 2019"
"041507","HNCN","1484","1*","July 2012"
"041508","MgOH","78","1*","Nov. 2013"
"041509","CH3CN, v8 = 1","4645","1*","Nov. 2016"
"041510","CH3CN, v8 = 2","5844","1*","Nov. 2016"
"041511","CH3CN, ν8","6502","1*","Nov. 2016"
"041512","CH3CN, 2ν8-ν8","10324","1*","Nov. 2016"
"041513","CH3CN, 2ν8","3762","1*","Nov. 2016"
"041514","CH3NC","876","1*","Aug. 2018"
"041515","CH3C13CH","1828","1*","Apr. 2020"
"041516","CH313CCH","1784","1*","Apr. 2020"
"041517","13CH3CCH","1821","1*","Apr. 2020"
"041518","CaH+","18","1*","Jun. 2021"
"041519","25MgO, v = 0, 1","42","1*","Feb. 2022"
"042501","H2CCO","2027","2","Nov. 2003"
"042502","NaF, v = 0, 1","192","1","Feb. 2003"
"042503","NCO","896","1","July 2003"
"042504","CH3CNH+","456","1*","Aug. 2006"
"042505","SiN","411","1*","Sep. 2006"
"042506","HNCNH","2895","1*","Sep. 2006"
"042507","40ArD+","38","1*","Sep. 2007"
"042508","13CH3CN, v = 0","1636","1*","Dec. 2009"
"042509","CH313CN, v = 0","1619","1*","Dec. 2009"
"042510","CH3C15N, v = 0","1351","1*","Dec. 2009"
"042511","CH2DCN","4796","2*","July 2013"
"042512","NCO-","70","1*","July 2011"
"042513","13CH3CN, v8 = 1","3694","1*","July 2016"
"042514","CH313CN, v8 = 1","3646","1*","July 2016"
"042515","CH3C15N, v8 = 1","3377","1*","Aug. 2016"
"042516","C3H6","18908","1*","Jan. 2017"
"042517","H2CSi","294","1*","Sep. 2017"
"042518","H2NNC","1144","1*","Oct. 2018"
"042519","DCCO","48","1*","June 2019"
"042520","26AlO v = 0","124","1*","Jan. 2020"
"042521","26AlO v = 1, 2","260","1*","Jan. 2020"
"042522","CH313C13CH","462","1*","Apr. 2020"
"042523","13CH3C13CH","483","1*","Apr. 2020"
"042524","13CH313CCH","462","1*","Apr. 2020"
"042525","CH3C13CD","1277","1*","Apr. 2020"
"042526","CH313CCD","1243","1*","Apr. 2020"
"042527","13CH3CCD","1278","1*","Apr. 2020"
"042528","CH2DC13CH","2044","1*","Apr. 2020"
"042529","CH2D13CCH","1988","1*","Apr. 2020"
"042530","13CH2DCCH","2031","1*","Apr. 2020"
"042531","CH2DCCD","486","1*","Jun. 2021"
"042532","CHD2CCH","485","1*","Jun. 2021"
"042533","26MgO, v = 0, 1","42","1*","Feb. 2022"
"043501","CP","345","1","Mar. 2000"
"043502","c-C2H4NH","13631","1*","Apr. 2007"
"043503","MgF","210","1","June 2000"
"043504","C2H3NH2, within 0+ & 0-","6659","2*","Sep. 2005"
"043505","H2C13CO","1259","1","Nov. 2003"
"043506","H213CCO","1280","1","Nov. 2003"
"043507","HDCCO","1346","2*","Jan. 2006"
"043508","C2H3NH2, 0- ← 0+","11654","1*","Sep. 2005"
"043509","HCNO","90","1*","Jan. 2009"
"043510","HOCN","1041","1*","May 2009"
"043511","HNCO","1653","1*","May 2009"
"043512","HONC","22","1*","Nov 2009"
"043513","13CH313CN","1351","1*","Dec. 2009"
"043514","CHD2CN","6991","2*","July 2013"
"043515","H2N13CN","2634","2*","Mar. 2019"
"043516","HNSi","45","1*","Apr. 2014"
"043517","HDNCN","5390","1*","Jan. 2018"
"043518","H215NCN","1862","1*","Mar. 2019"
"043519","H2NC15N","1866","1*","Mar. 2019"
"043520","AlO v = 0","124","1*","Dec. 2019"
"043521","AlO v = 1, 2","265","1*","Dec. 2019"
"043522","AlO v = 3 - 5","359","1*","Dec. 2019"
"044501","CS, v = 0 - 4","495","2*","Oct. 2008"
"044502","HCP, v = 0","65","2*","June 2007"
"044503","HCP, v2 = 1","80","1","Feb. 2000"
"044504","c-C2H4O","15797","3*","Mar 2022"
"044505","SiO, v = 0 - 10","1190","2*","Jan. 2014"
"044506","s-H2C=CHOH","3293","2*","Sep. 2019"
"044507","a-H2C=CHOH","3477","2*","Sep. 2019"
"044508","H2CC18O","1151","1","Nov. 2003"
"044509","D2CCO","1545","2*","Jan. 2006"
"044510","CS, v = 1 - 0 and v = 2 – 1 bands","395","1*","Sep. 2006"
"044511","CS, v = 2 - 0 band","198","1*","Sep. 2006"
"044512","CS+","115","1*","July 2008"
"044513","DCNO","90","1*","Jan. 2009"
"044514","H13CNO","87","1*","Jan. 2009"
"044515","HC15NO","85","1*","Jan. 2009"
"044516","H2NCO+","813","1*","Nov. 2013"
"044517","H2CSiH2","967","1*","Sep. 2017"
"044518","Al17O v = 0","74","1*","Dec. 2019"
"044519","Al17O v = 1, 2","150","1*","Dec. 2019"
"044520","CD3CN","1719","1*","July 2020"
"045501","13CS, v = 0, 1","198","2","Jan. 2004"
"045502","C33S, v = 0, 1","198","2","Jan. 2004"
"045503","DCP","65","1","Feb. 2000"
"045504","29SiO, v = 0 - 6","746","2*","Jan. 2014"
"045505","H2CP","4473","1","Aug. 2001"
"045506","HCS+","67","1","June 2003"
"045507","HCS","274","1","Aug. 2003"
"045508","HSC","3968","1","Aug. 2003"
"045509","13CS, v = 1 - 0 band","198","1*","Sep. 2006"
"045510","H13CP","62","1*","June 2007"
"045511","PN v = 0 - 5","474","2*","Sep. 2019"
"045512","HC(O)NH2, v = 0","14593","2*","Apr. 2013"
"045513","c-C13CH4O","7210","2*","Mar. 2022"
"045514","HSiO","2254","1*","Dec. 2012"
"045515","C2H5NH2","3857","1*","Jan. 2013"
"045516","HC(O)NH2, v12 = 1","9657","1*","Apr. 2013"
"045517","trans-HOCO","11750","1*","Oct. 2013"
"045518","cis-HOCO","639","1*","Oct. 2013"
"045519","Si17O, v = 0 - 4","550","1*","Jan. 2014"
"045520","HON2+","376","1*","June 2016"
"045521","HN2O+","10","1*","June 2016"
"045522","HOCO+","954","1*","July 2017"
"045523","26AlF v = 0 - 2","270","1*","Jan. 2019"
"045524","CH3CDO, vt = 0, 1","8763","1*","Apr. 2019"
"045525","CH2DCHO, vt = 0","7410","1*","Apr. 2019"
"045526","Al18O v = 0","132","1*","Dec. 2019"
"045527","Al18O v = 1, 2","282","1*","Dec. 2019"
"045528","CH313CHO, vt ≤ 1","28026","1*","July 2020"
"045529","13CH3CHO, vt ≤ 1","28789","1*","July 2020"
"045530","H2CNOH","4761","1*","May 2021"
"045531","c-C2H3DO","24052","1*","Sep 2022"
"045532","CH3NHCH3","22999","1*","Jun 2023"
"046501","C34S, v = 0, 1","198","2","Jan. 2004"
"046502","30SiO, v = 0 - 6","751","2*","Jan. 2014"
"046503","Si18O, v = 0 - 5","686","2*","Jan. 2014"
"046504","H13CS+","63","1","June 2003"
"046505","DCS+","67","1","June 2003"
"046506","t-HCOOH","10317","1","July 2003"
"046507","c-HCOOH","12834","1","July 2003"
"046508","13C33S","75","1","Apr. 2004"
"046509","H2CS","2505","3*","Jan. 2019"
"046510","C34S, v = 1 - 0 band","198","1*","Sep. 2006"
"046511","P15N v = 0 - 1","137","2*","Sep. 2019"
"046512","H13C(O)NH2","9423","2*","Apr. 2013"
"046513","HC(O)15NH2","6591","1*","May 2009"
"046514","CH3OCH3, v = 0","45654","1*","Nov. 2011"
"046515","NS, v = 0","728","1*","Aug. 2011"
"046516","NS, v = 1","556","1*","Aug. 2011"
"046517","NS, v = 1 - 0 band","376","1*","Aug. 2011"
"046518","c-C2H418O","5518","2*","Mar. 2022"
"046519","H2SiO","679","1*","Nov. 2012"
"046520","DC(O)NH2","10014","1*","Apr. 2013"
"046521","cis-HC(O)NHD","9372","1*","Apr. 2013"
"046522","trans-HC(O)NHD","8506","1*","Apr. 2013"
"046523","29Si17O, v = 0 - 2","317","1*","Feb. 2014"
"046524","C2H5OH","69527","1*","Nov. 2016"
"046525","DOCO+","946","1*","July 2017"
"046526","HO13CO+","923","1*","July 2017"
"046527","NS+","39","1*","Feb. 2018"
"046528","AlF v = 0 - 5","473","1*","Jan. 2019"
"046529","DSC","1829","1*","Nov. 2022"
"046530","HS13C","1797","1*","Nov. 2022"
"046531","DCS","177","1*","Dec. 2022"
"046532","H13CS","68","1*","Dec. 2022"
"046533","2,2-c-CD2CH2O","23566","1*","Apr 2023"
"046534","CHD2CHO, vt = 0","8679","1*","Sep. 2023"
"046535","H2CS v4 = 1","1320","1*","Oct. 2023"
"046536","H2CS v6 = 1","1211","1*","Oct. 2023"
"046537","H2CS v3 = 1","1213","1*","Oct. 2023"
"046538","H2CS v2 = 1","917","1*","Oct. 2023"
"046539","H2CS ν4 IR band","5221","1*","Oct. 2023"
"046540","H2CS ν6 IR band","5033","1*","Oct. 2023"
"046541","H2CS ν3 IR band","3203","1*","Oct. 2023"
"046542","H2CS ν2 IR band","1794","1*","Oct. 2023"
"047501","13C34S","75","2","Jan. 2004"
"047502","HC34S+","62","1","June 2003"
"047503","t-H13COOH","6834","1","July 2003"
"047504","HDCS","1820","2*","Jan. 2019"
"047505","H213CS","1975","2*","Jan. 2019"
"047506","H2C33S","7117","2*","Jan. 2019"
"047507","PO, v = 0","659","2*","Oct. 2019"
"047508","HC(18O)NH2","6666","1*","May 2009"
"047509","N33S","1860","1*","Aug. 2011"
"047510","15NS","364","1*","Aug. 2011"
"047511","a-CH313CH2OH","2556","1*","Aug. 2012"
"047512","a-13CH3CH2OH","2558","1*","Aug. 2012"
"047513","29Si18O, v = 0 - 3","442","1*","Jan. 2014"
"047514","30Si17O, v = 0 - 2","318","1*","Feb. 2014"
"047515","a-CH3CH2OD","3088","1*","Aug. 2015"
"047516","a-CH3CHDOH","3090","1*","Aug. 2015"
"047517","a-a-CH2DCH2OH","3114","1*","Aug. 2015"
"047518","a-s-CH2DCH2OH","3095","1*","Aug. 2015"
"047519","PO, v = 1, 2","920","2*","Oct. 2019"
"047520","PO, v = 3-5","1514","2*","Oct. 2019"
"047521","CH3ONH2","5122","1*","Sep. 2020"
"047522","13CH3OCH3","22377","1*","Sep. 2022"
"047523","CCl+, v = 0","94","1*","Jun. 2023"
"047524","SiF+, v = 0, 1","62","1*","Aug. 2023"
"047525","SiF+, v = 1 - 0, 2 – 1","219","1*","Aug. 2023"
"047526","SiF+, v = 2 - 0","109","1*","Aug. 2023"
"047527","trans-HONO","10675","1*","Nov. 2023"
"047527","cis-HONO","8913","1*","Nov. 2023"
"048501","SO, v = 0","449","1","Aug. 1998"
"048502","SO, v = 1","245","1","Aug. 1998"
"048503","C36S","75","2","Jan. 2004"
"048504","SO, a 1Δ, v = 0, 1","80","1","July 1999"
"048505","NaCCH","99","2*","Oct. 2011"
"048506","HPO","1461","2","Aug. 2003"
"048507","D2CS","2127","3*","Dec. 2023"
"048508","H2C34S","1956","2*","Jan. 2019"
"048509","N34S","546","1*","Aug. 2011"
"048510","CH3SH, vt ≤ 2","39296","2*","May 2020"
"048511","30Si18O, v = 0 - 3","444","1*","Jan. 2014"
"048512","MgC2","63","1*","Dec. 2022"
"048513","13CCl+, v = 0","95","1*","Jun. 2023"
"048514","29SiF+, v = 0","31","1*","Aug. 2023"
"049501","33SO","1641","1","Aug. 1998"
"049502","S17O","2380","1","Aug. 1998"
"049503","C4H, v = 0","494","2*","Feb. 2020"
"049504","C4H, v7 = 1","592","2*","Feb. 2020"
"049505","C4H, v7 = 20","249","2*","Feb. 2020"
"049506","C4H, v7 = 22","480","2*","Feb. 2020"
"049507","MgCCH","219","1*","Oct. 2011"
"049508","13C36S","75","1","Apr. 2004"
"049509","C4H-","94","3*","Jan. 2009"
"049510","NaCN, NaNC","2574","2*","Jan. 2012"
"049511","15N34S","368","1*","Aug. 2011"
"049512","HSO","6815","3*","June 2023"
"049513","H213C34S","856","1*","Jan. 2019"
"049514","C4H, v6 = 1","318","1*","Feb. 2020"
"049515","C4H, v5 = 1","488","1*","Feb. 2020"
"049516","C4H, v6 = v7 = 1","255","1*","Feb. 2020"
"049517","CH3SD, vt ≤ 2","70720","1*","May 2020"
"049518","13CH3SH, vt ≤ 2","9308","1*","May 2020"
"049519","25MgC2","595","1*","Dec. 2022"
"049520","MgC13C","12","1*","Jan. 2023"
"049521","C37Cl+, v = 0","93","1*","Jun. 2023"
"049522","30SiF+, v = 0","32","1*","Aug. 2023"
"050501","34SO","397","1","Aug. 1998"
"050502","S18O","359","1","Aug. 1998"
"050503","l-C4H2","581","2","May  2002"
"050504","MgNC, v = 0","777","1","Mar. 2000"
"050505","MgNC, v2 = 1","340","1","May 2000"
"050506","C4D","123","3*","Mar. 2020"
"050507","13CCCCH","463","2*","Mar. 2020"
"050508","C13CCCH","443","2*","Mar. 2020"
"050509","CC13CCH","440","2*","Mar. 2020"
"050510","CCC13CH","461","2*","Mar. 2020"
"050511","C3N, v = 0","866","1","Dec. 2003"
"050512","C3N, v5 = 1","558","1","Dec. 2003"
"050513","Na13CN, NaN13C","2706","2*","Jan. 2012"
"050514","C3N-","99","2*","Jan. 2010"
"050515","C4D-","46","1*","Sep. 2008"
"050516","N36S","548","1*","Aug. 2011"
"050517","H2C36S","1355","1*","Jan. 2019"
"050518","CH334SH, vt ≤ 2","45400","1*","May 2020"
"050519","26MgC2","61","1*","Dec. 2022"
"051501","HC3N, (0,0,0,0)","207","1","Oct. 2000"
"051502","HC3N, (0,0,0,1)","458","1","Oct. 2000"
"051503","HC3N, (0,0,0,2)","528","1","Oct. 2000"
"051504","HC3N, (0,0,1,0)","320","1","Oct. 2000"
"051505","HC3N, (0,0,1,1)","480","2*","Nov. 2011"
"051506","HC3N, (1,0,0,0)","112","2*","Apr. 2012"
"051507","HC3N, (1,0,0,1)","248","1","Oct. 2000"
"051508","HC3N, (0,1,0,0)/(0,0,0,3)","699","1","Nov. 2000"
"051509","HC3N, (1,0,0,2)/(0,2,0,0)0e","472","1","Oct. 2000"
"051510","KC","257","1","Jan. 2001"
"051511","13CCCN","1011","1","Dec. 2003"
"051512","C13CCN","1014","1","Dec. 2003"
"051513","CC13CN","996","1","Dec. 2003"
"051514","C315N","312","1","Dec. 2003"
"051515","l-13CC3H2","220","1*","Mar. 2006"
"051516","l-C13CC2H2","104","1*","Mar. 2006"
"051517","l-C213CCH2","210","1*","Mar. 2006"
"051518","l-C313CH2","218","1*","Mar. 2006"
"051519","HC3N, v3 = 1","96","1*","Oct. 2007"
"051520","HC3N, v2 = 1","98","1*","Oct. 2007"
"051521","l-C4HD","35","1*","June 2009"
"051522","HC3N, ν3 band","191","1*","Dec. 2011"
"051523","HC3N, ν2 band","205","1*","Dec. 2011"
"051524","HC3N, ν1 band","261","1*","Dec. 2011"
"051525","HC3N, (0,0,0,4)/(0,1,0,1)","1052","1*","Apr. 2012"
"051526","HC3N, (0,0,2,0)","319","1*","Apr. 2012"
"051527","HMgNC","45","1*","Sep. 2013"
"051528","HNC3","79","1*","Nov. 2017"
"051529","AlC2","262","1*","Apr. 2018"
"051530","CH2DCl","7236","1*","Aug. 2020"
"052501","C3O, v = 0","115","2*","Jan. 2009"
"052502","36SO","330","1","Aug. 1998"
"052503","HC3NH+","149","1","Dec. 2000"
"052504","KCH","197","1","Jan. 2001"
"052505","CaC","205","1","Oct. 2002"
"052506","H2CCHCCH (C4H4)","4096","2","June 2004"
"052507","(c-C3H2)CH2 (C4H4)","5020","1","June 2004"
"052508","DC3N, v = 0","135","2*","Mar. 2008"
"052509","H13CCCN, v = 0","119","1","Dec. 2004"
"052510","HC13CCN, v = 0","120","1","Dec. 2004"
"052511","HCC13CN, v = 0","120","1","Dec. 2004"
"052512","HCCC15N, v = 0","119","1","Dec. 2004"
"052513","DC3N, v7 = 1","276","2*","Mar. 2008"
"052514","H13CCCN, v7 = 1","196","1*","Mar. 2005"
"052515","HC13CCN, v7 = 1","196","1*","Mar. 2005"
"052516","HCC13CN, v7 = 1","196","1*","Mar. 2005"
"052517","HCCC15N, v7 = 1","196","1*","Mar. 2005"
"052518","H13CCCN, v7 = 2","264","1*","Dec. 2005"
"052519","HC13CCN, v7 = 2","263","1*","Dec. 2005"
"052520","HCC13CN, v7 = 2","261","1*","Dec. 2005"
"052521","H13CCCN, v6 = 1","196","1*","Jan. 2006"
"052522","HC13CCN, v6 = 1","196","1*","Jan. 2006"
"052523","HCC13CN, v6 = 1","196","1*","Jan. 2006"
"052524","H13CCCN, v5 = 1 / v7 = 3","470","1*","Jan. 2006"
"052525","HC13CCN, v5 = 1 / v7 = 3","468","1*","Jan. 2006"
"052526","HCC13CN, v5 = 1 / v7 = 3","592","1*","Jan. 2006"
"052527","SiC2, v = 0","2623","3*","Dec. 2011"
"052528","SiC2, v3 = 1","795","2*","Oct. 2015"
"052529","SiC2, v3 = 2","565","2*","Oct. 2015"
"052530","C3O, v5 = 1","221","1*","Jan. 2009"
"052531","H13CCCN, (0,0,1,1)","388","1*","Nov. 2011"
"052532","HC13CCN, (0,0,1,1)","384","1*","Nov. 2011"
"052533","HCC13CN, (0,0,1,1)","424","1*","Nov. 2011"
"052534","HCC13CN, (1,0,0,0)","96","1*","Nov. 2011"
"052535","HCC13CN, (1,0,0,1)","192","1*","Nov. 2011"
"052536","AlCCH","101","1*","Sep. 2012"
"052537","SiC2, v3 = 3","126","1*","Oct. 2015"
"052538","SiC2, v3 = 4","122","1*","Oct. 2015"
"052539","HCCNCH+","39","1*","Mar. 2022"
"053501","AlNC","85","1","Dec. 2003"
"053502","SiCCH","862","1","Jan. 2002"
"053503","HC13C13CN, v = 0","133","1","Jan. 2003"
"053504","H13CC13CN, v = 0","137","1","Feb. 2003"
"053505","AlCN","40","1","Dec. 2003"
"053506","HCC13C15N","113","1","Jan. 2003"
"053507","t-HC3O","8688","1","Apr. 2003"
"053508","H13C13CCN, v = 0","99","1","Dec. 2004"
"053509","Si13CC","1970","1*","Jan. 2008"
"053510","29SiC2","1470","2*","Dec. 2011"
"053511","D13CCCN","130","1*","Mar. 2008"
"053512","DC13CCN","128","1*","Mar. 2008"
"053513","DCC13CN","129","1*","Mar. 2008"
"053514","DC315N","130","1*","Mar. 2008"
"053515","C2H3CN, v = 0","18561","1*","May 2008"
"053516","13CCCO","98","1*","Feb. 2009"
"053517","C13CCO","96","1*","Feb. 2009"
"053518","CC13CO","96","1*","Feb. 2009"
"053519","NCCNH+","97","1*","July 2015"
"053520","52CrH","119","1*","Mar. 2019"
"053521","CH2D37Cl","7251","1*","Sep. 2020"
"053522","HC3O+","80","2*","Jul. 2023"
"053523","Z-HC3HNH","8218","1*","Aug. 2022"
"053524","E-HC3HNH","4829","1*","Aug. 2022"
"054501","SiCN","1412","2","Jan. 2002"
"054502","SiNC","1502","1","Jan. 2002"
"054503","l-H2C3O","4169","1","Feb. 2002"
"054504","c-H2C3O","4744","2*","Feb. 2021"
"054505","30SiC2","1465","2*","Dec. 2011"
"054506","H213CCHCN, v = 0","13964","1*","May 2008"
"054507","H2C13CHCN, v = 0","13960","1*","May 2008"
"054508","H2CCH13CN, v = 0","13700","1*","May 2008"
"054509","H2CCHC15N","11704","1*","May 2008"
"054510","HCCCHO","9208","1*","Dec. 2008"
"054511","C318O","95","1*","Feb. 2009"
"054512","E-HNCHCN","9944","2*","Nov. 2018"
"054513","Z-HNCHCN","8114","2*","Nov. 2018"
"054514","H2CNCN","8243","1*","Feb. 2014"
"054515","NCCND+","96","1*","July 2015"
"054516","NC13CNH+","94","1*","July 2015"
"054517","N13CCNH+","94","1*","July 2015"
"054518","CH2CHCNH+","851","1*","July 2015"
"054519","C2H5CCH","9187","1*","Mar. 2017"
"054520","c-H2C2Si","1838","1*","Sep. 2017"
"054521","H2C2Si","82","1*","Sep. 2017"
"055501","HC(O)CN","10103","1*","June 2006"
"055502","C2H5CN, v = 0","39010","2*","Aug. 2009"
"055503","CCP","922","2*","Apr. 2009"
"055504","C3F","242","1*","Sep. 2011"
"055505","HSiCN","862","1*","Sep. 2013"
"055506","HSiNC","717","1*","Sep. 2013"
"055507","C2H5NC","18963","1*","May 2018"
"055508","NaS","320","1*","Aug. 2018"
"055509","HCCCH2NH2","11372","1*","Sep. 2019"
"055510","c-HDC3O","2088","1*","Feb. 2021"
"055511","c-H2C213CO","1758","1*","Feb. 2021"
"055512","c-H213CCCO","1850","1*","Feb. 2021"
"055513","C2H5CN, v20 = 1-A","20766","1*","Oct. 2016"
"055514","C2H5CN, v12 = 1-A","18271","1*","Oct. 2016"
"055515","DCCCHO","3979","1*","Mar. 2018"
"055516","HCCCDO","58","1*","Mar. 2018"
"055517","HCC13CHO","29","1*","Mar. 2018"
"055518","HC13CCHO","29","1*","Mar. 2018"
"055519","H13CCCHO","29","1*","Mar. 2018"
"055520","Allylimine-Ta","13438","1*","Oct. 2023"
"056501","HCCP","1738","1","May 1998"
"056502","CCS","449","1","Nov. 2001"
"056503","ONCN","1911","1","Aug. 2003"
"056504","C2H513CN, v = 0","23807","2*","Feb. 2013"
"056505","CH313CH2CN, v = 0","24132","2*","Feb. 2013"
"056506","13CH3CH2CN, v = 0","24102","2*","Feb. 2013"
"056507","H2NCH2CN, v = 0","16925","3*","Oct. 2020"
"056508","C2H5C15N","16405","1*","Feb. 2009"
"056509","CH3CHDCN","16939","1*","Feb. 2009"
"056510","CH2DipCH2CN","16566","1*","Feb. 2009"
"056511","CH2DoopCH2CN","16915","1*","Feb. 2009"
"056512","13CCP","1830","1*","Apr. 2009"
"056513","C13CP","1923","1*","Apr. 2009"
"056514","KOH","61","1*","Aug. 2009"
"056515","CaO, v = 0, 1","140","1*","Feb. 2010"
"056516","Fe","4","1*","Aug. 2010"
"056517","Fe+","4","1*","Aug. 2010"
"056518","SiH3CCH","765","1*","Sep. 2014"
"056519","trans-C2H3CHO","11239","1*","Nov. 2015"
"056520","H2NCH2CN, v11 + v18 = 1","23291","2*","Oct. 2020"
"056521","H2NCH2CN, v17 = 1","10115","2*","Oct. 2020"
"056522","NaSH","1432","1*","July 2018"
"056523","c-H2C318O","1865","1*","Feb. 2021"
"056524","c-D2C3O","2248","1*","Feb. 2021"
"056525","MgS, v = 0, 1","90","1*","Feb. 2022"
"056526","(CH3)2CCH2","67567","1*","Dec. 2023"
"057501","CaOH","102","1*","Nov. 2013"
"057502","HDNCH2CN","13446","1*","Dec. 2013"
"057503","SiH3CN","1622","1*","Sep. 2014"
"057504","PCN","270","1*","June 2015"
"057505","CH3NCO, vb = 0","1146","1*","Mar. 2016"
"057506","CH3NCO, vb = 1","123","1*","Mar. 2016"
"057507","CH313CH213CN, v = 0","24440","1*","Apr. 2016"
"057508","13CH3CH213CN, v = 0","24337","1*","Apr. 2016"
"057509","13CH313CH2CN, v = 0","24770","1*","Apr. 2016"
"057510","CH3CNO","1948","1*","Sep. 2016"
"057511","CH3OCN","6648","2*","Aug. 2020"
"057512","HOCH2CN","38530","1*","Mar. 2017"
"057513","H2NCH213CN","3114","1*","Apr. 2017"
"057514","H2N13CH2CN","3138","1*","Apr. 2017"
"057515","HCCS","384","1*","Jan. 2018"
"057516","MgSH","2820","1*","July 2018"
"057517","HCCS+","220","1*","Dec. 2021"
"057518","25MgS, v = 0","46","1*","Feb. 2022"
"057519","E-1-C3H6NH","20110","1*","Aug. 2022"
"057520","Z-1-C3H6NH","11178","1*","Aug. 2022"
"057521","CH3C(NH)CH3","92897","1*","Nov. 2023"
"058501","H2C2S","1567","2*","Oct. 2023"
"058502","NaCl, v = 0 - 15","2325","2*","June 2019"
"058503","KF, v = 0, 1","190","1","Feb. 2003"
"058504","NCS","378","2*","May 2007"
"058505","s-C2H5CHO, v = 0","41020","2*","Jan. 2018"
"058506","41KOH","62","1*","Aug. 2009"
"058507","CH3CP","2270","1*","Oct. 2009"
"058508","D2NCH2CN","14167","1*","Dec. 2013"
"058509","dibridged Si2H2","2244","1*","Apr. 2014"
"058510","monobridged Si2H2","1109","1*","Apr. 2014"
"058511","SiH313CN","1088","1*","Sep. 2014"
"058512","29SiH3CN","1092","1*","Sep. 2014"
"058513","cis-C2H2O2","9031","1*","Feb. 2016"
"058514","H3CCHCH2O","4692","1*","June 2016"
"058515","c-C3H6O","9444","1*","Oct. 2016"
"058516","13CH313CH213CN","24771","1*","Apr. 2017"
"058517","s-C2H5CHO, v24 = 1","20319","1*","Jan. 2018"
"058518","s-C2H5CHO, v23 = 1","20309","1*","Jan. 2018"
"058519","g-C2H5CHO, v = 0","19515","1*","Jan. 2018"
"058520","HCCSH","1040","1*","May 2019"
"058521","26MgS, v = 0","47","1*","Feb. 2022"
"058522","Mg34S, v = 0","46","1*","Feb. 2022"
"059501","MgCl","624","1","June 2000"
"059502","CaF","234","1","Sep. 2001"
"059503","HNCS, a-type","489","1*","Feb. 2005"
"059504","HNCS, b-type","903","1*","Feb. 2005"
"059505","HSCN","1838","1*","Nov 2009"
"059506","C2Cl","556","1*","Sep. 2011"
"059507","AlS","816","1*","Sep. 2012"
"059508","30SiH3CN","1097","1*","Sep. 2014"
"059509","H2PCN","2401","1*","June 2015"
"059510","HCNS","24","1*","Aug. 2016"
"059511","HSNC","23","1*","Aug. 2016"
"059512","Na36Cl, v = 0 - 5","830","1*","June 2019"
"059513","H2C13CS","185","1*","May 2022"
"059514","H213CCS","196","1*","May 2022"
"059515","HDC2S","91","1*","May 2022"
"059516","13CH3C(O)CH3","120519","1*","Aug. 2022"
"060501","CH2(OH)CHO, v = 0","18021","3*","June. 2021"
"060502","Na37Cl, v = 0 - 15","2364","2*","June 2019"
"060503","OCS, v = 0","99","2*","Nov. 2005"
"060504","OCS, v2 = 1","249","1*","Apr. 2005"
"060505","Ga-n-C3H7OH","27121","2*","Jan. 2015"
"060506","SiS, v = 0 - 20","3099","1*","Oct. 2019"
"060507","SiS, v = 1 - 0 and v = 2 – 1 bands","557","1*","Feb. 2007"
"060508","SiS, v = 2 - 0 band","249","1*","Feb. 2007"
"060509","c-C2H4S","8863","1*","Sep. 2013"
"060510","DNCS, a-type","486","1*","Aug. 2016"
"060511","DNCS, b-type","231","1*","Aug. 2016"
"060512","HN13CS, a-type","469","1*","Aug. 2016"
"060513","H15NCS, a-type","485","1*","Aug. 2016"
"060514","HS13CN","124","1*","Aug. 2016"
"060515","DSCN","125","1*","Aug. 2016"
"060516","HSC15N","27","1*","Aug. 2016"
"060517","OC(NH2)2, v = 0","13426","2*","Jan. 2023"
"060518","g-i-C3H7OH","60716","1*","Apr. 2018"
"060519","a-i-C3H7OH","14152","1*","Apr. 2018"
"060520","AlSH","1228","1*","July 2018"
"060521","syn-C2H3SH","4787","1*","Apr. 2019"
"060522","anti-C2H3SH","5109","1*","Apr. 2019"
"060523","CH3COOH, vt = 0","73039","1*","May 2019"
"060524","CH3COOH, vt = 1","74109","1*","May 2019"
"060525","CH3COOH, vt = 2","76890","1*","May 2019"
"060526","CH3COOH, Δvt ≠ 0","87669","1*","May 2019"
"060527","44TiO, v = 0","178","1*","May 2021"
"060528","44TiO, v = 1","85","1*","May 2021"
"060529","CH2(OH)CHO, v18 = 1","12632","1*","June. 2021"
"060530","CH2(OH)CHO, v12 = 1","11534","1*","June. 2021"
"060531","CH2(OH)CHO, v17 = 1","10429","1*","June. 2021"
"060532","H2CC34S","196","1*","May 2022"
"060533","OC(NH2)2, v1","12929","1*","Jan. 2023"
"060534","OC(NH2)2, v2 & v3","23798","1*","Jan. 2023"
"060535","OC(NH2)2, v4 & v5","16035","1*","Jan. 2023"
"061501","PNO","99","1","Aug. 2001"
"061502","O13CS","99","1*","Apr. 2005"
"061503","OC33S","98","1*","Apr. 2005"
"061504","17OCS","99","1*","Apr. 2005"
"061505","C5H","1130","2*","May 2015"
"061506","29SiS, v = 0 - 12","1945","1*","Oct. 2019"
"061507","29SiS, v = 1 - 0 band","264","1*","Feb. 2007"
"061508","Si33S, v = 0 - 9","1517","1*","Nov. 2019"
"061509","HSCO+","1272","2*","Jan. 2019"
"061510","HOCS+","43","1*","Sep. 2011"
"061511","C237Cl","563","1*","Sep. 2011"
"061512","HSiS","4333","1*","Dec. 2012"
"061513","CH2(OH)13CHO","22497","1*","Feb. 2013"
"061514","13CH2(OH)CHO","22546","1*","Feb. 2013"
"061515","CH3O13CHO, vt = 0, 1","49664","2*","May 2015"
"061516","CH2(OD)CHO","17995","1*","Aug. 2015"
"061517","CHD(OH)CHO","18383","1*","Aug. 2015"
"061518","CH2(OH)CDO","18419","1*","Aug. 2015"
"061519","HNC34S, a-type","423","1*","Aug. 2016"
"061520","H34SCN","124","1*","Aug. 2016"
"061521","ScO","70","1*","Oct. 2016"
"061522","26AlCl v = 0 - 2","413","1*","July 2019"
"061523","HC(S)NH2","6530","1*","Oct. 2020"
"061524","c-C3CCH","221","1*","Jul. 2022"
"061525","HC(O)OCH2D","58231","1*","Aug. 2022"
"061526","DC(O)OCH3","40660","1*","Aug. 2022"
"062501","l-C5H2","209","3*","Jun. 2021"
"062502","TiN","399","1","July 2003"
"062503","aGg'-(CH2OH)2","33126","1","Sep. 2003"
"062504","gGg'-(CH2OH)2","38066","1","May 2004"
"062505","OC34S","99","1*","Apr. 2005"
"062506","18OCS","99","1*","Apr. 2005"
"062507","O13C33S","98","1*","Apr. 2005"
"062508","Si34S, v = 0 - 12","1958","1*","Oct. 2019"
"062509","Si34S, v = 1 - 0 band","265","1*","Mar. 2007"
"062510","30SiS, v = 0 - 12","1973","1*","Oct. 2019"
"062511","30SiS, v = 1 - 0 band","266","1*","Mar. 2007"
"062512","29Si33S","125","1*","Mar. 2007"
"062513","H2SiS","1190","1*","Nov. 2012"
"062514","C4N","392","1*","Mar. 2014"
"062515","trans-HC(O)SH","7897","1*","Apr. 2014"
"062516","cis-HC(O)SH","8974","1*","Apr. 2014"
"062517","C413CH","1056","1*","May 2015"
"062518","C313CCH","1034","1*","May 2015"
"062519","C213CC2H","1030","1*","May 2015"
"062520","C13CC3H","1034","1*","May 2015"
"062521","13CC4H","1066","1*","May 2015"
"062522","C5D","571","1*","May 2015"
"062523","gauche-C2H5SH","30859","1*","Sep. 2015"
"062524","anti-C2H5SH","10244","1*","Sep. 2015"
"062525","DSCO+","1112","1*","Jan. 2019"
"062526","AlCl v = 0 - 10","1399","1*","July 2019"
"062527","CH3OCH2OH","21945","1*","Aug. 2020"
"062528","46TiO, v = 0","179","1*","Mar. 2021"
"062529","46TiO, v = 1","86","1*","Mar. 2021"
"062530","46TiO, v = 2","87","1*","Mar. 2021"
"062531","46TiO, v = 3","87","1*","Mar. 2021"
"062532","c-C3HCCH","383","1*","May 2021"
"062533","HC(O)OCHD2","35919","1*","Aug. 2022"
"063501","l-HC4N","319","2","Dec. 2004"
"063502","O13C34S","99","1*","Apr. 2005"
"063503","18O13CS","99","1*","Apr. 2005"
"063504","29Si34S, v = 0, 1","254","1*","Mar. 2007"
"063505","30Si33S","126","1*","Mar. 2007"
"063506","c-C3HCN","7150","1*","Sep. 2011"
"063507","26Al37Cl v = 0 - 2","418","1*","July 2019"
"063508","Al36Cl v = 0 - 2","422","1*","July 2019"
"063509","47TiO, v = 0","1757","1*","Jan. 2022"
"063510","47TiO, v = 1","892","1*","Jan. 2022"
"063511","47TiO, v = 2","576","1*","Jan. 2022"
"063512","47TiO, v = 3","572","1*","Jan. 2022"
"063513","SiCl+, v = 0, 1","58","1*","Sep. 2023"
"063514","HNSO","1560","1*","Jan. 2024"
"064501","p-c-SiC3","1973","2*","Jan. 2019"
"064502","SO2, v = 0","14754","2*","July 2005"
"064503","SO2, v2 = 1","9808","2*","July 2005"
"064504","TiO, v = 0","182","4*","Mar. 2021"
"064505","l-SiC3","408","1","Nov. 2000"
"064506","CuH","22","1","Feb. 2002"
"064507","CH3C4H","2026","2*","Aug. 2008"
"064508","ScF","80","1","Mar. 2003"
"064509","H2C4N","594","1*","Mar. 2005"
"064510","OC36S","99","1*","Apr. 2005"
"064511","18OC34S","99","1*","Apr. 2005"
"064512","SO2, ν2","7603","1*","July 2005"
"064513","30Si34S, v = 0, 1","258","1*","Mar. 2007"
"064514","Si36S","126","1*","Mar. 2007"
"064515","KCCH","115","1*","Oct. 2011"
"064516","o-c-SiC3","435","1*","May 2014"
"064517","gauche-C2H534SH","23196","1*","Sep. 2015"
"064518","CrC","261","1*","May 2016"
"064519","Al37Cl v = 0 - 10","1426","1*","July 2019"
"064520","H2C(CCH)2","2792","1*","Feb. 2021"
"064521","TiO, v = 1","182","1*","Mar. 2021"
"064522","TiO, v = 2","88","1*","Mar. 2021"
"064523","TiO, v = 3","88","1*","Mar. 2021"
"064524","TiO, v = 4","89","1*","Mar. 2021"
"064525","TiO, v = 5","89","1*","Mar. 2021"
"064526","H2C3HCCH","785","1*","Jun. 2021"
"064527","HC3HCN","4481","1*","Dec. 2021"
"065501","33SO2","19067","1","Dec. 1999"
"065502","SO17O","7476","1*","Apr. 2007"
"065503","CH3C3N","1813","1","Apr. 2004"
"065504","ZnH","168","1","Feb. 2002"
"065505","CH3CCNC","1438","1*","Oct. 2005"
"065506","H2CCCHCN","11550","1*","Mar. 2006"
"065507","29Si36S","120","1*","Mar. 2007"
"065508","KCN, KNC","3363","1*","Apr. 2007"
"065509","HS2","8575","1*","July 2008"
"065510","cis-HOSO+","4618","1*","Sep. 2011"
"065511","CaCCH","198","1*","Oct. 2011"
"065512","SiC3H","568","1*","Dec. 2014"
"065513","HC4O","182","1*","Aug. 2017"
"065514","HCCCH2CN","32493","2*","Sep. 2020"
"065515","49TiO, v = 0","2514","1*","Jan. 2022"
"065516","49TiO, v = 1","833","1*","Jan. 2022"
"065517","49TiO, v = 2","816","1*","Jan. 2022"
"065518","49TiO, v = 3","810","1*","Jan. 2022"
"066501","34SO2","11896","1","Dec. 1999"
"066502","SO18O","13970","2*","Nov. 2023"
"066503","CaNC","1005","1","Mar. 2000"
"066504","65CuH","22","1","Feb. 2002"
"066505","30Si36S","121","1*","Mar. 2007"
"066506","H2C(CN)2","13537","1*","Apr. 2013"
"066507","H2S2","2168","1*","Dec. 2014"
"066508","SiC2N","896","1*","Dec. 2014"
"066509","H2C4O","725","1*","Jan. 2018"
"066510","DS2","5119","1*","Feb. 2018"
"066511","52CrN","150","1*","Mar. 2019"
"066512","50TiO, v = 0","184","1*","Apr. 2021"
"066513","50TiO, v = 1","88","1*","Apr. 2021"
"066514","50TiO, v = 2","88","1*","Apr. 2021"
"066515","50TiO, v = 3","89","1*","Apr. 2021"
"066516","Ti18O, v = 0","199","1*","Apr. 2021"
"066517","Ti18O, v = 1","96","1*","Apr. 2021"
"066518","Ti18O, v = 2","96","1*","Apr. 2021"
"066519","Ti18O, v = 3","97","1*","Apr. 2021"
"066520","c-C5H6","11466","1*","May 2021"
"066521","CH2DC3N","520","1*","Jun. 2021"
"066522","H2NC3N","2912","1*","Jan. 2024"
"067501","66ZnH","168","1","Feb. 2002"
"067502","NCHCCO","14690","2*","June 2020"
"067503","c-C3H5CN","24752","1*","July 2011"
"067504","c-C4H4NH","13110","1*","Jun. 2014"
"067505","HCCNSi","52","1*","July 2015"
"067506","48TiF","676","1*","Apr. 2019"
"067507","c-C5H6-13C1","525","1*","Dec. 2021"
"067508","c-C5H6-13C2","976","1*","Dec. 2021"
"067509","c-C5H6-13C5","471","1*","Dec. 2021"
"067510","c-C5H6-D1","1509","1*","Dec. 2021"
"067511","c-C5H6-D2","1563","1*","Dec. 2021"
"067512","c-C5H6-D5","748","1*","Dec. 2021"
"067513","E-CH3CHCHCN","5211","1*","Jan. 2024"
"067514","s-CH2CHCH2CN","19919","1*","Jan. 2024"
"067515","g-CH2CHCH2CN","12717","1*","Jan. 2024"
"068501","FeC","131","1","Aug. 2000"
"068502","HC3P","199","1","Oct. 2000"
"068503","C3S, v = 0","170","2*","Jun. 2013"
"068504","C3O2, ν7","201","1*","Dec. 2005"
"068505","C3S, v5 = 1","328","1*","Jun. 2013"
"068506","H2CNCH2CN","19653","1*","Nov. 2013"
"068507","c-C4H4O","10551","1*","Jun. 2014"
"068508","Si2C, v = 0","1664","1*","June 2015"
"068509","NCNSi","52","1*","July 2015"
"068510","52CrO","300","1*","Mar. 2019"
"068511","NCCNO","126","1*","Oct. 2021"
"068512","HNC(CH3)CN","33995","1*","Sep. 2022"
"069501","NC2P","199","1","Oct. 2000"
"069502","C13CCS","146","2*","June 2013"
"069503","13CCCS","148","2*","June 2013"
"069504","68ZnH","168","1","Feb. 2002"
"069505","n-C3H7CN, v = 0","65227","3*","Dec. 2016"
"069506","i-C3H7CN","41106","1*","Feb. 2011"
"069507","CC13CS","145","1*","June 2013"
"069508","g-n-C3H7CN, v30 = 1","28384","1*","Dec. 2016"
"069509","a-n-C3H7CN, v30 = 1","13591","1*","Dec. 2016"
"069510","g-n-C3H7CN, v29 = 1","26157","1*","Dec. 2016"
"069511","a-n-C3H7CN, v18 = 1","12311","1*","Dec. 2016"
"069512","g-n-C3H7CN, v30 = 2","24425","1*","Dec. 2016"
"069513","a-n-C3H7CN, v30 = 2","12268","1*","Dec. 2016"
"069514","g-n-C3H7CN, v28 = 1","23515","1*","Dec. 2016"
"069515","a-n-C3H7CN, v29 = 1","7405","1*","Dec. 2016"
"069516","i-C3H7CN, v30 = 1","6375","1*","Apr. 2017"
"069517","HC3S","578","1*","Jan. 2018"
"069518","c-C2H3(O)CN","37134","1*","Nov. 2018"
"069519","HC3S+","50","1*","Feb. 2021"
"069520","t-C2H3NCO","6876","1*","Oct. 2022"
"069521","cis-C2H3NCO","5279","1*","Oct. 2022"
"070501","NiC","40","1","Mar. 2004"
"070502","C334S","147","2*","June 2013"
"070503","H2C3S","613","2*","May 2022"
"070504","NCC(O)NH2","27956","1*","June 2006"
"070505","CH3CH(NH2)CN","29783","1*","Feb. 2012"
"070506","C13C13CS","136","1*","June 2013"
"070507","13CC13CS","138","1*","June 2013"
"070508","i-C3H713CN","11471","2*","July 2018"
"070509","(CH3)213CHCN","11464","2*","July 2018"
"070510","13CH3(CH3)CHCN","11604","2*","July 2018"
"070511","HC2CHS","14144","2*","Jun. 2021"
"070512","56FeN","50","1*","Mar. 2019"
"070513","NH2CH2CH2CN, conf. I","42874","1*","Apr. 2020"
"070514","NH2CH2CH2CN, conf. II","43558","1*","Apr. 2020"
"070601","54FeO Ω = 4","56","1*","Feb. 2019"
"070602","54FeO Ω = 3","58","1*","Feb. 2019"
"070603","54FeO Ω = 2","60","1*","Feb. 2019"
"071501","CoC","811","1","Mar. 2004"
"071502","C3Cl","779","1*","Sep. 2011"
"071503","CC13C34S","137","1*","June 2013"
"071504","C13CC34S","138","1*","June 2013"
"071505","13CCC34S","140","1*","June 2013"
"071506","KS","320","1*","Aug. 2018"
"071507","52CrF","291","1*","Mar. 2019"
"071508","C2H5NCO","3539","1*","Aug. 2020"
"071509","HC(S)CN","754","1*","Jul. 2021"
"071510","syn-C2H3C(O)NH2, v = 0","35388","1*","Apr. 2022"
"071511","syn-C2H3C(O)NH2, v24 = 1","29414","1*","Apr. 2022"
"071512","H2C213CS","303","1*","May 2022"
"071513","H2C13CCS","303","1*","May 2022"
"071514","H213CC2S","322","1*","June 2022"
"071515","HDC3S","372","1*","June 2022"
"072501","CaS, v = 0, 1","222","1*","Feb. 2010"
"072502","s-cis-H2C=CHCOOH","23836","2*","Dec. 2021"
"072503","s-trans-H2C=CHCOOH","23452","2*","Dec. 2021"
"072504","HOCHCHCHO","36726","1*","Feb. 2016"
"072505","C2H3OCHO","18997","1*","Jan. 2017"
"072506","KSH","1936","1*","July 2018"
"072507","H2C334S","321","1*","June 2022"
"072508","H2C=C(OH)CHO","25075","1*","Oct. 2022"
"072601","FeO Ω = 4","56","1*","Feb. 2019"
"072602","FeO Ω = 3","58","1*","Feb. 2019"
"072603","FeO Ω = 2","60","1*","Feb. 2019"
"073501","C6H, v = 0","426","2*","Dec. 2023"
"073502","C6H-","160","1*","Nov. 2006"
"073503","HSCH2CN","7762","1*","May 2016"
"073504","CaSH","3082","1*","July 2018"
"073505","MgC4H","216","1*","Oct. 2019"
"073506","HC(34S)CN","91","1*","Jul. 2021"
"073507","MgC4H+","69","1*","Apr. 2023"
"073508","NaC3N","75","1*","Jun. 2023"
"073509","C6H, v11 = 1 μ2Σ","215","1*","Dec. 2023"
"073510","C6H, v11 = 1 2Δ","420","1*","Dec. 2023"
"074501","C5N","1054","1","Jan. 2000"
"074502","l-C6H2","88","2","May  2002"
"074503","aa-(C2H5)2O","21876","2*","Aug. 2009"
"074504","NiO","341","1","Mar. 2004"
"074505","39K35Cl, v = 0 - 15","4850","2*","Apr. 2019"
"074506","13CC5H","1566","1*","Dec. 2005"
"074507","C13CC4H","1565","1*","Dec. 2005"
"074508","C213CC3H","1575","1*","Dec. 2005"
"074509","C313CC2H","1575","1*","Dec. 2005"
"074510","C413CCH","1571","1*","Dec. 2005"
"074511","C513CH","1577","1*","Dec. 2005"
"074512","C6D","746","1*","Dec. 2005"
"074513","C5N-","191","1*","Oct. 2008"
"074514","C2H5OCHO","52546","1*","Apr. 2009"
"074515","ag-(C2H5)2O","37450","1*","Aug. 2009"
"074516","CHOCOOH","24075","1*","Feb. 2011"
"074517","CH3OCH2CHO","21882","1*","Nov. 2018"
"074518","MgC3N","216","1*","Oct. 2019"
"074519","CH3CHOHCHO","46745","1*","Oct. 2019"
"074520","H2NCH2C(O)NH2","60120","1*","Jan. 2022"
"074521","HC2HC4","801","1*","Dec. 2022"
"074522","MgC3N+","41","1*","Apr. 2023"
"075501","HC4NC","71","2*","Oct. 2020"
"075502","CaCl","1131","1","Sep. 2001"
"075503","HC5N, v = 0","199","2*","Aug. 2020"
"075504","HC5N, v11 = 1","222","1*","Feb. 2023"
"075505","HC5N, v11 = 2","293","1*","Feb. 2023"
"075506","HC5N, v10 = 1","222","1*","Feb. 2023"
"075507","HC5N, v11 = 3","388","1*","Feb. 2023"
"075508","HC5N, v11 = 4","483","1*","Feb. 2023"
"075509","HC5N, v9 = 1","222","1*","Feb. 2023"
"075510","HC5N, ν7","595","1*","Feb. 2023"
"075511","H2NCH2COOH, I","15303","1*","Apr. 2006"
"075512","H2NCH2COOH, II","16850","1*","Apr. 2006"
"075513","HC5N, v10 = v11 = 1","444","1*","Feb. 2023"
"075514","HC5N, v11 = 5","571","1*","Feb. 2023"
"075515","40K35Cl, v = 0 - 5","1700","1*","May 2019"
"075516","39K36Cl, v = 0 - 5","1701","1*","May 2019"
"075517","HOCH2C(O)NH2","33692","1*","Dec. 2020"
"075518","g'Gg'-CH3CH(NH2)CH2OH","28459","1*","Oct. 2022"
"075519","gG'g-CH3CH(NH2)CH2OH","26221","1*","Oct. 2022"
"075520","HMgC3N","45","1*","Jun. 2023"
"076501","NC3NC","279","1","Oct. 1999"
"076502","SiC4","99","1","Nov. 2000"
"076503","c-C6H4","11750","1","Feb. 2004"
"076504","39K37Cl, v = 0 - 15","4942","2*","May 2019"
"076505","41K35Cl, v = 0 - 15","4924","2*","May 2019"
"076506","DC5N","199","1","Aug. 2004"
"076507","H13CC4N","99","1","Oct. 2004"
"076508","HC13CC3N","99","1","Oct. 2004"
"076509","HC213CC2N","99","1","Oct. 2004"
"076510","HC313CCN","99","1","Oct. 2004"
"076511","HC413CN","99","1","Oct. 2004"
"076512","HC515N","99","1","Oct. 2004"
"076513","aG'g-CH3CHOHCH2OH","72846","2*","Aug. 2014"
"076514","CH2OHCOOH","20745","1*","Feb. 2011"
"076515","gG'a-CH3CHOHCH2OH","64243","2*","Aug. 2014"
"076516","g'G'g-CH3CHOHCH2OH","76050","2*","Aug. 2014"
"076517","OSiS","99","1*","July 2011"
"076518","a'GG'g-CH2OHCH2CH2OH","83046","1*","Mar. 2014"
"076519","gGG'g-CH2OHCH2CH2OH","80684","1*","Mar. 2014"
"076520","g'Ga-CH3CHOHCH2OH","68580","1*","May 2017"
"076521","gG'g'-CH3CHOHCH2OH","80005","1*","May 2017"
"076522","aGg'-CH3CHOHCH2OH","85574","1*","May 2017"
"076523","g'Gg-CH3CHOHCH2OH","80906","1*","May 2017"
"076524","HC5NH+","45","1*","Oct. 2020"
"077501","29SiC4","99","1*","Aug. 2005"
"077502","Si13CC3","99","1*","Aug. 2005"
"077503","SiC13CC2","99","1*","Aug. 2005"
"077504","SiC213CC","99","1*","Aug. 2005"
"077505","SiC313C","99","1*","Aug. 2005"
"077506","C2H3C3N","4547","1*","Sep. 2011"
"077507","(E)-HC2CHCHCN","3839","1*","Sep. 2011"
"077508","(Z)-HC2CHCHCN","12544","1*","Sep. 2011"
"077509","ScS","1735","1*","Sep. 2012"
"077510","AlC3N","196","1*","Oct. 2014"
"077511","SiC4H","1140","1*","Dec. 2014"
"077512","HC5O","886","1*","Aug. 2017"
"077513","40K37Cl, v = 0 - 5","1725","1*","May 2019"
"077514","41K36Cl, v = 0 - 5","1722","1*","May 2019"
"077515","NC4NH+","46","1*","Dec. 2022"
"078501","30SiC4","99","1*","Aug. 2005"
"078502","46TiO2","3007","2*","June 2011"
"078503","46TiS","246","1*","Nov. 2010"
"078504","SiC3N","1772","1*","Dec. 2014"
"078505","HC4CHO","316","1*","Feb. 2018"
"078506","trans-HC(S)SH","3373","1*","Apr. 2018"
"078507","cis-HC(S)SH","6929","1*","Apr. 2018"
"078508","41K37Cl, v = 0 - 15","5010","1*","May 2019"
"078509","c-C5H4CH2","946","1*","Nov. 2021"
"078510","c-C5H5CH","235","1*","Nov. 2021"
"078511","bc-C4H4C2H2","1102","1*","Nov. 2021"
"078512","c-C4H2(CH2)2","3906","1*","Nov. 2021"
"079501","c-C5H5N","21737","1*","Jun. 2014"
"079502","Z-CH2(CH)3CN","56409","1*","Aug. 2021"
"079503","E-CH2(CH)3CN","25554","1*","Aug. 2021"
"079504","anti-CH2CCHCH2CN","42031","1*","Sep. 2021"
"079505","syn-CH2CCHCH2CN","53396","1*","Sep. 2021"
"080501","C4S","366","1","Nov. 2001"
"080502","ScCl","85","1","Apr. 2003"
"080503","S2O, v = 0","11853","1*","Aug. 2006"
"080504","TiO2","3422","2*","June 2011"
"080505","TiS","261","1*","Nov. 2010"
"080506","OC(CN)2","27046","1*","Aug. 2016"
"080507","c-C5H4O","2533","1*","Nov. 2021"
"080508","1,3-c-C6H8","720","1*","Dec. 2021"
"081501","HC4S","244","2*","Nov. 2022"
"082501","Sc37Cl","76","1","Apr. 2003"
"082502","50TiO2","3032","2*","June 2011"
"082503","50TiS","252","1*","Nov. 2010"
"082504","H2C4S","124","1*","Mar. 2018"
"083501","AA-n-C4H9CN","37069","1*","Mar. 2012"
"083502","GA-n-C4H9CN","47885","1*","Mar. 2012"
"083503","AG-n-C4H9CN","14427","1*","Mar. 2012"
"083504","t-C4H9CN","6086","1*","Apr. 2016"
"083505","C2H5CHCNCH3","74064","1*","Sep. 2017"
"083506","a-(CH3)2CHCH2CN","48126","1*","Aug. 2018"
"083507","g-(CH3)2CHCH2CN","36915","1*","Aug. 2018"
"084501","FeCO","313","1","Mar. 2004"
"084502","OC3S","175","1*","Oct. 2013"
"084503","c-C4H4O2","46011","1*","Oct. 2016"
"085501","C7H","1246","1","July 2000"
"086501","l-C7H2","295","2","May  2002"
"086502","NiCO","99","1","Mar. 2004"
"087501","l-HC6N","424","1","Dec. 2004"
"087502","52CrCl","638","1*","Mar. 2019"
"088501","SiC5","401","1","Nov. 2000"
"088502","CH3C6H","1413","1","Sep. 2002"
"088503","H2C3HC4H","1172","1*","Jul. 2022"
"088504","H2C5HC2H","173","1*","Jul. 2022"
"089501","CH3C5N","5599","1","Sep. 2002"
"089502","CH3CHNH2COOH, I","42319","1*","Oct. 2008"
"089503","CH3CHNH2COOH, II","31176","1*","Oct. 2008"
"089504","HC6O","1162","1*","Aug. 2017"
"089505","52Cr37Cl","525","1*","Mar. 2019"
"089506","H2C3HC3N","845","1*","Jul. 2022"
"090501","CHOCHOHCH2OH","21300","1*","May 2014"
"090502","c-C5H4C2H2","3777","2*","Jul. 2022"
"092501","C5S","231","1*","Feb. 2015"
"092502","G'Gg'gg'-CH2(OH)CH(OH)CH2OH","9018","1*","Apr. 2017"
"092503","GGag'g'-CH2(OH)CH(OH)CH2OH","9755","1*","Apr. 2017"
"092504","bc-C6H6CH2","4103","1*","Nov. 2021"
"092505","c-C6H6CH2","3368","1*","Nov. 2021"
"092506","c-C5H4C2H4","2668","1*","Nov. 2021"
"093501","13CC4S","234","1*","Feb. 2015"
"093502","C13CC3S","234","1*","Feb. 2015"
"093503","C213CC2S","231","1*","Feb. 2015"
"093504","C313CCS","231","1*","Feb. 2015"
"093505","C413CS","231","1*","Feb. 2015"
"093506","HC5S","546","1*","Feb. 2018"
"094501","c-C6H5OH","133852","1*","Sep. 2013"
"094502","C534S","234","1*","Feb. 2015"
"094503","HC4CHS","378","1*","Feb. 2018"
"094504","H2C5S","205","1*","Mar. 2018"
"096501","cis-S2O2","14394","1*","Dec. 2014"
"097501","C8H","1264","1","July 2000"
"097502","C8H-","247","1*","Jan. 2007"
"097503","MgC6H","206","1*","Sep. 2021"
"097504","MgC6H+","100","1*","May 2023"
"098501","l-C8H2","219","1*","Jun. 2021"
"098502","MgC5N","208","1*","Sep. 2021"
"098503","C7N-","139","1*","Feb. 2023"
"098504","MgC5N+","100","1*","May 2023"
"099501","HC7N, v = 0","230","3*","Aug. 2020"
"099502","HC7N, v15 = 1","238","1","Oct. 2004"
"099503","HC7N, v15 = 2","356","1","Oct. 2004"
"099504","HC6NC","99","1*","Oct. 2020"
"100501","SiC6","99","1","Nov. 2000"
"100502","DC7N","99","1","Sep. 2004"
"100503","H13CC6N","99","1","Sep. 2004"
"100504","HC13CC5N","99","1","Sep. 2004"
"100505","HC213CC4N","99","1","Sep. 2004"
"100506","HC313CC3N","99","1","Sep. 2004"
"100507","HC413CC2N","99","1","Sep. 2004"
"100508","HC513CCN","99","1","Sep. 2004"
"100509","HC613CN","99","1","Sep. 2004"
"100510","HC715N","99","1","Sep. 2004"
"100511","HC7NH+","105","1*","Mar. 2022"
"101501","HC7O","1929","1*","Aug. 2017"
"102501","HC6CHO","148","1*","Feb. 2018"
"102502","c-C6H5CCH","21270","1*","Oct. 2018"
"103501","c-C6H5CN","23274","1*","Nov. 2009"
"104501","C6S","499","1*","Jan. 2018"
"105502","YO","236","1*","Sep. 2012"
"106501","c-C6H5CHO","59904","1*","Apr. 2017"
"108501","c-C6H5OCH3","43582","1*","Apr. 2017"
"109501","C9H","820","1","July 2000"
"112501","CH3C8H","1027","1","Apr. 2004"
"113501","CH3C7N","1029","1","Apr. 2004"
"116501","C7S","344","1*","Feb. 2015"
"116502","c-C9H8","6655","1*","May 2021"
"117501","HC7S","1196","1*","Feb. 2018"
"121501","C10H","354","1","July 2000"
"121502","YS","593","1*","Sep. 2012"
"121503","C10H-","200","2*","Sep. 2023"
"123501","HC9N, v = 0","172","2*","July 2020"
"124501","DC9N","176","1*","July 2020"
"124502","H13CC8N","175","1*","July 2020"
"124503","HC13CC7N","174","1*","July 2020"
"124504","HC213CC6N","173","1*","July 2020"
"124505","HC313CC5N","172","1*","July 2020"
"124506","HC413CC4N","172","1*","July 2020"
"124507","HC513CC3N","172","1*","July 2020"
"124508","HC613CC2N","172","1*","July 2020"
"124509","HC713CCN","173","1*","July 2020"
"124510","HC813CN","174","1*","July 2020"
"124511","HC915N","176","1*","July 2020"
"127501","C6H5C3N","42409","1*","Feb. 2023"
"127502","1-CN-4-CCH-C6H4","28744","1*","Mar. 2023"
"127503","1-CN-2-CCH-C6H4","104614","1*","Mar. 2023"
"127504","1-CN-3-CCH-C6H4","85256","1*","Mar. 2023"
"128501","c-C10H8","25249","1*","Oct. 2021"
"137501","CH3C9N","1379","1","Apr. 2004"
"140501","C9S","224","1*","Jan. 2018"
"145501","C12H","568","1*","Feb. 2023"
"147501","HC11N","150","1","Oct. 2004"
"152501","c-C12H8","11561","1*","Oct. 2021"
"154501","c-C12H10","63748","1*","Oct. 2021"
"166501","c-C13H10","31361","1*","Oct. 2021"
"171501","HC13N","199","1","Apr. 2003"